id,title,companyName,companyLocation,summary
2a494e5becfb158a,[Creative] IT/System Engineer (5년 이상),크래프톤,서울 강남구,제작하고 있습니다. 우리 팀과 함께할 미션을 소개합니다. C++ / python 을 이용한 파이프라인 툴 개발 및 개선 TA 및 게임개발 엔지니어와... 통신·모바일·게임>응용프로그래머> Python|인터넷·IT·통신·모바일·게임...
72444e8aa4a2dfd3,Korean & English Tutor - Python+Scratch,Kodland,대한민국,"you’re an expert Python programmer... least one... languages: Python, Scratch *You have studied coding..."
6cfffc13b8a012c3,Product Test Engineer,NVIDIA,서울,"Knowledge of Compute Language in either C++/C or VB, Python is preferred.. Good command of oral and written English. Good..."
f8bfec7bfbdffd0a,애플리케이션 개발자&컨설턴트 정규직,디지포머싸스랩,서울 강남구,"Platform 컨설팅> JAVA/ Python/JScript 등의 개발... 경력(연차무관)학력사항: 대학(2,3년)졸업 이상직무기술: java, Python, javascript기타: > Basic SQL, HTML, CSS..."
fc3a73138511acb6,응용프로그램 개발자,라온엑스솔루션즈,성남 분당구,"ㆍ경력 : 신입 (사원, 팀원급)2. C++ NET 프로그램 or Python 프로그램 개발 (1명) 1) 담당업무ㆍC++ 을 이용한 수치해석, 사용... C#, C++. C언어, MFC, Python 중 한가지 이상 사용 경험자..."
e23f77ff06e23346,소프트웨어 프로그래머 경력/신입,코드원,고양 덕양구,"공학, 응용소프트웨어공학, 정보통신공학 등ㆍ보안솔루션 경험자ㆍJAVA, Java Spring Framwarok, Python 개발 경험자 ㆍ 근무형태 : 정규직ㆍ 근무일시 : 주 5일(월~금) 오전 9시~오후 6시ㆍ 근무지역..."
35fecc3e04d5571c,[SAPEON Korea] AI Accelerator Field Application Engineer,에스케이텔레콤,경기도,"Hardware Accelerator 기본 동작 이해- C/C++, Python 프로그램 개발 능력- 소프트웨어 설계 및 알고리즘 구현, 최적화 역량... 통신·모바일·게임>응용프로그래머> Python|인터넷·IT·통신·모바일·게임..."
ef98c82fd130b9e1,[AI] 연구 개발,NHN] [AI,성남 판교역,"관련 배경지식 보유자 - Python, C, C++ 개발 경험... 개발 경력 2년 이상 - 머신러닝 프로젝트 또는 백그라운드 보유 - Python, C, C++ 개발 경험 - Pytorch, Tensorflow..."
2285f9d0415cc802,[연구비 지원사업/참여 연구팀 ] 2022년 대학원생 공학연구팀제 지원사업,한국여성과학기술인육성재단,서울 강남구,통신·모바일·게임>웹프로그래머> Python|인터넷·IT·통신·모바일·게임... 로그래머>인공지능(AI)|인터넷·IT·통신·모바일·게임>응용프로그래머> Python|인터넷·IT·통신·모바일·게임>응용프로그래머>증강현실(AR)|인터넷...
d39d5624bfcc6b01,인사분야 신입사원 모집,GS칼텍스,서울 역삼동,"기획 • 전공무관 (상경계열 전공 우대) Trading • 전공무관 (상경/화공계열 전공 우대) • Python, VBA 등 코딩 능숙자 우대 재무(회계) • 전공무관 (재무관리/파생상품 관련 전공 우대) 구매..."
b79acb8f4c6b4c0d,Research Engineer,Riiid Labs,서울,"자격 요건) - 프로덕션 환경에서 발생하는 리얼 월드 문제들을 풀어 나가며 서비스와 함께 성장하고 싶으신 분 - Python 기반의 머신러닝 라이브러리를 활용한 개발에 익숙하신 분 (Tensorflow, Pytorch 등..."
cce739f8b2b0ab64,"대기업 - 디지털 회로설계(FPGA,VHDL)대리",인코리아 프로페셔널,서울,"분석 및 대책 마련자격요건 : - Digital 회로 설계 능력 - MCU, VHDL/FPGA 사용 능력 - Python, C 등 Programming 언어 사용 능력 - 고속 신호 품질 측정을 위한 계측기 사용 능력우대사항..."
e658236007117d98,Junior Business Analyst (Non-tech),Coupang,서울,"의와 체계적 사고체계를 갖추신 분 [우대 조건] 이커머스, 리테일, 물류 관련 도메인 경험을 보유하신 분 Python, R 등 기타 프로그램 언어 사용 경험을 보유하신 분 한국어 및 영어 모두 능숙한 커뮤니케이션이 가능하..."
4cc15c26097421c5,"개발자 - Python 프로그래밍과 Java, C 소스코드 분석",바인테크,서울 송파구,"자격요건 인원 [담당업무]개발자 - Python 프로그래밍과 Java, C 소스코드 분석[근무부서 및 직급/직책]근무부서: 엔터프라이즈 솔루션직급/직책: 팀원, 대리, 차장 [필요기술]ㆍ Python 프로그래밍과 Java, C..."
d8918f984b349ea6,[국비무료/취업연계] 실무프로젝트 기반 빅데이터/핀테크/인공지능 연수생,아시아경제,서울 중구,통신·모바일·게임>웹프로그래머> Python|인터넷·IT·통신·모바일·게임... 프론트엔드|인터넷·IT·통신·모바일·게임>빅데이터·AI(인공지능)> Python|인터넷·IT·통신·모바일·게임>빅데이터·AI(인공지능)>인공지능(AI...
dbb83e696ce19eb7,2022년 제1차 경력직원,한국투자공사,서울 중구,"퀀트 운용 및 퀀트 리서치 경력 3년 이상 또는 - 빅데이터 분석 경력 3년 이상 - 프로그래밍 언어( Python, SQL, R) 활용 능력 우대 - 퀀트 주식운용 - 퀀트 투자 전략 및 모델 개발 - 글로벌 금융시장 및..."
031eec3794f09645,[데이터] 데이터 서비스/플랫폼 개발,NHN] [데이터,성남 판교역,"데이터 수집, 처리 및 지표 분석 경험 - 데이터 기반의 문제해결 역량 및 논리적 사고 - Java, Python, Scala 중 최소 1가지 언어를 이용한 데이터 분석 및 소프트웨어 개발 역량 - 통계분석, ML/AI..."
3b7dbdf85a326a6d,국내 대기업 - AI 및 딥러닝 관련 경력자,라피플코리아리미티드,서울,"관련 전문 지식 있는 분 - Python 또는 Scala, JAVA 활용... 레임워크 활용 역량 좋은 분- 자연어처리 관련 전문 지식 있는 분- Python 또는 Scala, JAVA 활용 역량- 미디어/커머스/전자/IT 업계..."
62d77051fa88c8d2,Plant Purchasing (양산 구매),비테스코테크놀로지스코리아,경기도 이천,"office 활용 능력최신 정보 분석 도구 활용 능력 우대 (KNIME, Power BI, UiPath, Python, RPA 등 경영·인사·총무·사무>구매·자재>외자구매|경영·인사·총무·사무>구매·자재>자재구매|경영·인사..."
7df915e1f0f86b2d,Software Architecture 설계 엔지니어,딥엑스,성남 분당구,경험 - Windows/Linux 상에서 C++/ Python 언어 사용 개발 경험 - C++ / Python 언어 사용 개발 경험 - 객체지향 설계에... 게임>빅데이터·AI(인공지능)> Python|인터넷·IT·통신·모바일·게임...
45f9a39bdf645e57,기술혁신센터 경력사원,삼성SDI,충청남도 천안,"OHT 등) 천안 컴퓨터/시스템 전기/전자 기계/산공 *전문지식 - Java, C#, C++, Python - Oracle (PL/SQL) - Automod, VisualComponent - 통신프로그래밍..."
70183fe31db80375,[무료교육] 대졸자 취업 연계과정(10개월) 참여자 (선착순 ),한국폴리텍대학 신기술교육원,전주 덕진구,통신·모바일·게임>웹프로그래머> Python|인터넷·IT·통신·모바일·게임... 탈제어시스템|인터넷·IT·통신·모바일·게임>빅데이터·AI(인공지능)> Python|인터넷·IT·통신·모바일·게임>빅데이터·AI(인공지능)>머신러닝|인터...
e59c1870435e4653,Field Service Engineer,Accenture Federal Services,서울,"experience with system administrative scripting. (bash, Python, etc.). Desired Skills: 3+ years Linux Systems experience..."
9b0b800022f0a931,로직팀 설계인력,동운아나텍,서울 서초구,"경험자ㆍMixed signal design 경험자ㆍscripting language 지식(Perl, Python, TCL, etc)ㆍDynamic control 지식 0 명 근무조건 고용형태: 정규직근무부서: Digital..."
f21952a2d7a0bfd8,"[Robotics] Robotics Software Engineer, Navigation",네이버,서울,"요역량 ㅇ 컴퓨터 공학, 로봇 공학, 전자 공학 등 관련 기술 분야 석사 이상 학위 또는 3년 이상의 경력 ㅇ Python 혹은 C++ 언어의 능숙한 활용 ㅇ ROS/ROS2 혹은 유사한 framework를 활용한 robot..."
3086772415088e87,컴퓨터비전 개발자 경력 정규직,라이트비전,서울 성동구,바일·게임>빅데이터·AI(인공지능)>인공지능(AI)|인터넷·IT·통신·모바일·게임>빅데이터·AI(인공지능)> Python|인터넷·IT·통신·모바일·게임>소프트웨어·하드웨어>소프트웨어|인터넷·IT·통신·모바일·게임>응용프로그래머>C·C++
7fe0c284fbf4045f,CRM 및 마케팅 데이터분석 담당자 - 국내 대기업 계열사,라피플코리아리미티드,서울,"역량 (SQL 및 SAS, R, Python 등) - 통계 지식 보유 및... 경력자- 대용량 데이터 분석 툴 활용 역량 (SQL 및 SAS, R, Python 등)- 통계 지식 보유 및 데이터 모델링 가능자 우대- CRM 업무..."
f862c821b0734933,[NAVER Cloud] Media 서비스 개발,네이버,서울,"다양한 개발 경험 또는 Go, Python, C/C++등을 이용한 플랫폼... 가능하신 분 - Java, Kotlin, Golang, C, C++, Python, node.js, typescript 등으로 작성된 코드 및 프레임..."
544fff9e81a980ee,Plant Purchasing (양산구매) 글로벌외국계자동차부품회사,,경기도,"활용 능력 - 최신 정보 분석 도구 활용 능력 우대 (KNIME, Power BI, UiPath, Python, RPA 등 기타정보 담당 컨설턴트 성명 박종빈 사내번호 02-557-2700 e-mail pjb..."
ac64fda2e281b835,"Software Engineer, People with Disabilities (장애인 채용)",Google,서울,"languages, including... limited to: C++, Java, C and Python. Experience in a variety of projects utilizing natural..."
2e46f8b2ba482821,"Customer Engineer, Data Analytics, Google Cloud",Google,서울,"writing code in a common development language... Java, Python, JavaScript, C++, Scala, R or Go. About the job..."
81e6d89be64b1731,5G RAN R&D 소프트웨어 개발자 신입/경력0명 채용,Ericsson,서울,"Erlang, Java, Python 부가적으로 사용되는 프로그래밍 언어: Erlang, Java, Python Recruitment... 스트는 C / C++ /Java/ Python 언어 중 선택으로 진행될 예정..."
e3f3b7e2103d9bc7,"웹개발, 백엔드 외 신입/경력 정규직",코인챗,서울 강남구,로그래머>웹개발|인터넷·IT·통신·모바일·게임>웹프로그래머>백엔드|인터넷·IT·통신·모바일·게임>웹프로그래머>프론트엔드|인터넷·IT·통신·모바일·게임>웹프로그래머> Python|인터넷·IT·통신·모바일·게임>웹프로그래머>PHP
54caf3a3d845ffa3,[DI팀] 기계학습 Engineer (개인화 및 추천),야놀자,서울 강남구,용프로그래머> Python|인터넷·IT·통신·모바일·게임>응용프로그래머>JAVA|인터넷·IT·통신·모바일·게임>응용프로그래머>머신러닝(ML)|인터넷·IT·통신·모바일·게임>빅데이터·AI(인공지능)> Python|인터넷·IT·통신...
587040f5f3bb4c26,[대기업] 클라우드 서비스 솔루션 개발,비에이블컨설팅그룹,서울,C++|인터넷·IT·통신·모바일·게임>응용프로그래머>클라우드|인터넷·IT·통신·모바일·게임>응용프로그래머> Python|인터넷·IT·통신·모바일·게임>데이터베이스·DBA>데이터베이스개발자|인터넷·IT·통신·모바일·게임>데이터베...
2c322e447a712b27,"데이터 분석 기반 프로그래머(Java, Python)",비즈플러그,서울 영등포구,"Java, JSP, R, Python, 각종 DB 가능자와 AI경험자 및 영어능통자를 우대합니다.(DB기본기, js, Python, Django... 대합니다.- AI(ML, DL, Python, R 등)에 유능한 분을 우대..."
f0fa048255eee14e,"인공지능(AI), 머신러닝(ML) 외 경력 정규직",시스메틱,서울 영등포구,모바일·게임>응용프로그래머>인공지능(AI)|인터넷·IT·통신·모바일·게임>응용프로그래머>머신러닝(ML)|인터넷·IT·통신·모바일·게임>응용프로그래머> Python|인터넷·IT·통신·모바일·게임>소프트웨어·하드웨어>소프트웨어
649ccf047c868778,"금융 데이터 분석 엔진, 로보어드바이저 개발자",에스비씨엔,서울 영등포구,"시스템, 머신러닝, 자연어처리. 패턴분석 - 다음 언어에서 최소 한 가지 이상 능숙자: Java, C++, Python, JavaScript 우대사항 - 석사이상 컴퓨터공학 (Computer Science) 분야 또는..."
25b0fa17d08dd0cd,"자바스크립트, Python 외 신입/경력 정규직, 계약직, 인턴",키친어스,서울 강남구,인터넷·IT·통신·모바일·게임>응용프로그래머>자바스크립트|인터넷·IT·통신·모바일·게임>응용프로그래머> Python|인터넷·IT·통신·모바일·게임>게임(Game)>서버·네트워크개발|인터넷·IT·통신·모바일·게임>게임(Game...
32998063886b0d27,[컨트롤웍스] 제어엔지니어 신입,컨트롤웍스,서울 강남구,전공- Matlab / Simulink 프로그래밍에 자신 있는 분[우대사항]- 컨트롤러 설계 경험- C 또는 Python 프로그래밍 역량- 석사학위자의 경우 병역특례 가능- 운전가능자 1 명 근무조건 고용형태: 정규직(수습기...
df228c302c3c8f9b,서버개발자(벡앤드) 정규직,오비이랩,서울 강남구,시스템 개발 [자격요건]• 경력사항: 경력(3년 이상 7년 이하)• 학력사항: 학력무관• 중상급 이상의 Python 또는 JavaScript 언어 활용 가능자• Django 또는 Node.js rest framework에...
ab58a5f77dd9c9c8,[NAVER Cloud] 빅데이터 분석 플랫폼 개발,네이버클라우드,성남 분당구,빅데이터|인터넷·IT·통신·모바일·게임>빅데이터·AI(인공지능)> Python|인터넷·IT·통신·모바일·게임>ERP·시스템분석·설계>빅데이터|인터넷... 로그래머>JAVA|인터넷·IT·통신·모바일·게임>응용프로그래머> Python
dae1d26d25c1ee21,[Beluga] 음성 (TTS/STT) 딥러닝 엔지니어 (경력 무관),크래프톤,서울 강남구,경험을 보유하신 분독창적인 기술 제시 및 문제 해결을 위한 프로그래밍 능력을 보유하신 분 (C/C++/ Python/shell 등)오픈소스 기반 딥 러닝 프레임워크 활용 능력을 보유하신 분 (PyTorch/TensorFlow...
116009dbf59211ed,퍼즐데이터 역량있는 데이터 분석가,주식회사퍼즐데이터,서울 역삼동,"데이터 마이닝 및 통계분석에 대한 전반적인 이해 3. 관련분야(산업공학, 통계 등) 전공 4. R or Python 사용 능력 * 이런 분은 더욱 좋아요. 1. 프로세스 마이닝 지식 보유자 2. 관련분야 대학원 전공 3..."
53123195365ac509,Validation Manager (CSS 모형),비바리퍼블리카,서울 강남구,SQL|마케팅·광고·홍보·조사>조사·분석·통계>통계·SAS|인터넷·IT·통신·모바일·게임>응용프로그래머> Python|인터넷·IT·통신·모바일·게임>응용프로그래머>머신러닝(ML)|인터넷·IT·통신·모바일·게임>빅데이터·AI...
f5db967bfdd0390f,빅데이터 리더 정규직,hTLM HR,안양 동안구,모바일·게임>응용프로그래머> Python|인터넷·IT·통신·모바일·게임>응용프로그래머>클라우드|인터넷·IT·통신·모바일·게임>웹프로그래머>JAVA|인터넷·IT·통신·모바일·게임>웹프로그래머> Python|인터넷·IT·통신·모바일...
dfa7d678dd3ca154,각 부문별,KIS자산평가,대한민국,"MS Office, VBA, Python 등) 경험자 우대 4. 관련업무... 법론 개발 역량 3. 파생상품 평가모형 프로그래밍 경험 (C/C++, Python 등) 4. 우대 조건 - 석사학위 이상 소지자 - 리서치 능력 보유..."
79fb95da6dff4025,하반기 신입(채용 연계형 인턴) 수시채용,홈앤쇼핑,서울 마곡동,"Python, R, 기타 코딩 능력 보유자 또는 통계 분석에 대한 기초 지식 보유자 중 1개 해당자 우대사항 · 통계 분석에 대한 기초 지식 보유자 · 기초 프로그래밍 코딩 구현 능력 보유자 ( Python or R..."
cd919aed133f6b4d,빅데이터분석 수시 채용,HK이노엔,서울 을지로2가,"대사항] - 빅데이터 분석 프로젝트 Leading 경력 - 보건의료 빅데이터 분석 경력 - SAS, R, Python 등 프로그래밍 가능자 - 머신러닝/딥러닝 활용 예측모형 개발 - 보건의료빅데이터(건강보험심사평가원, 국민..."
38f3f4ec291e7349,(주)아이옵스 항공우주분야,아이옵스,대전 유성구,궤도역학[우대사항]ㆍ정보처리기사 등 관련 자격증 소지자 ㆍ인공위성 궤도분석 및 비행역학 유경험자ㆍC/C++/ Python 활용 가능자ㆍ영어 가능자 0 명 근무조건 고용형태 : 정규직(수습기간3개월)급여조건 : 급여 협의근무지역...
c0f290b9dc436e3a,음성신호 처리/개발 부문 경력,현대오토에버,서울 강남구,등 open source DL framework에 대한 구현 경험 - Python/Javascript 개발 경력 3년 이상 혹은 그에 준하는 실력... 게임>빅데이터·AI(인공지능)> Python|인터넷·IT·통신·모바일·게임...
72444e8aa4a2dfd3,Korean & English Tutor - Python+Scratch,Kodland,대한민국,"you’re an expert Python programmer... least one... languages: Python, Scratch *You have studied coding..."
a7eca686000928d5,네이버 파이낸셜 플랫폼 운영,엔아이티서비스,성남 삼평동,"Docker(kubernetes) 및 어플리케이션 배포 전략 지식 보유 - Shell script, python 및 web framework 등 기타 프로그래밍 언어 활용 가능 - 국가보훈대상자 및 장애인은 법령에 의거..."
4022f49bc50ef230,[보안] 네트워크/시스템 보안 관리,NHN] [보안,성남 판교역,"경의 시스템 보안 관리 경험 - 정보통신망법, 개인정보보호법, 전자금융감독규정 등 컴플라이언스의 이해 - Python, Script Language 활용 능력 공통지원자격 - 병역필 혹은 면제로 해외여행에 결격 사유가..."
cdb687a3cbc42040,Consultant Engineer,Siemens,대전,"programming language would be useful... essential o Python, Visual Basic, VBA in Excel, Java, C = Experience in data..."
35f0a25dee5f3312,딥러닝 알고리즘 및 응용 Engineer,딥엑스,성남 분당구,모바일·게임>빅데이터·AI(인공지능)>인공지능(AI)|인터넷·IT·통신·모바일·게임>빅데이터·AI(인공지능)> Python|인터넷·IT·통신·모바일·게임>빅데이터·AI(인공지능)>머신러닝|인터넷·IT·통신·모바일·게임>빅데이터...
ac9068957c550cb3,데이터 전문가(모델러/분석가/엔지니어) 모집,카카오,성남 판교역,대용량 데이터를 효율적으로 사용하기 위한 기반 데이터 가공 지원자격 데이터 사이언스를 위한 언어(R/ Python/Scala) 및 도구(scikit-learn/Spark MLlib/Tensorflow/Pytorch 등)를...
df21e3bb5d773616,Python Programmer,Mofac,서울 서초구,개발 – JAVA 프로그래밍(라이브러리 활용) – Spring 프레임 워크 개발 – Python API 프로그래밍 우대사항 – Python 개발 경험 – Open Source 라이브러리 개발경험 – Web 표준에 대한 경험...
4ae5eb5bb613a826,[클라우드플랫폼실] System Engineering팀 클라우드 엔지니어,야놀자,서울 강남구,라우드|인터넷·IT·통신·모바일·게임>응용프로그래머>Linux|인터넷·IT·통신·모바일·게임>응용프로그래머> Python|인터넷·IT·통신·모바일·게임>통신·모바일>플랫폼(VM)|인터넷·IT·통신·모바일·게임>ERP·시스템분석...
f51f4ef1a9277d5c,(투자부문) 투자사업팀 자산배분 직무 경력채용,한화그룹,서울,"자산배분 혹은 리서치) 유경험자 : 금융시장 분석에 필요한 Tool 활용 가능자 우대(VBA, MATLAB, Python, R 등) - 자격증 및 기타 : 금융관련 자격 (CFA 등) 보유자 우대 : 외국어 능통자 우대 0명..."
0a57a69a13126ff5,셀프 인테리어 위한 AI 플랫폼 서비스 개발자,서르,성남 분당구,이상의 python 또는 node.js실무 개발경험이 있는 분 -Restful API에 대한 이해와 실무경험이 있는 분 인터넷·IT·통신·모바일·게임>웹프로그래머>웹개발|인터넷·IT·통신·모바일·게임>웹프로그래머> Python...
e36b281df2933890,[위메프서비스] E-Commerce 데이터엔지니어/NLP개발자,위메프,대한민국,"우리가 사용하는 기술] 개발언어: Python, Java 하둡인프라... 시스템 Hadoop 및 Spark 경험이 있으신 분 Java, Python 개발 능력을 보유하신 분(중급 이상) Hadoop Ecosystem..."
940db769525341e4,"[LIG그룹 계열사]이노와이어리스 빅데이터플랫폼,인공지능개발",이노와이어리스,성남 분당구,게임>빅데이터·AI(인공지능)>머신러닝|인터넷·IT·통신·모바일·게임>빅데이터·AI(인공지능)>딥러닝|인터넷·IT·통신·모바일·게임>빅데이터·AI(인공지능)> Python|인터넷·IT·통신·모바일·게임>응용프로그래머>C·C++
4a5738febf355646,"[한국축산데이터] 백엔드 개발자, 프론트엔드 개발자, 엔지니어, AI연구원 (신입/경력)",한국축산데이터,서울 강남구,개발자 (Spring)백엔드 개발자( Python)백엔드 개발자(NestJS... 당업무]- 농장 전산 관리 프로덕트 (팜스플랜 매니저) 백엔드 개발 ( Python)[담당업무]- 가축 헬스케어 프로덕트 (팜스플랜) 백엔드 개발 인터...
27b06cad4f2d0c63,클라우드 엔지니어,NHN SOFT,성남 판교역,"있으신 분 -WebLogic, JBoss 및 Tomcat과 같은 WAS 설치 및 구성 경험 있으신 분 - Python, Shell, Powershell 등의 스크립팅 언어 개발 경험 있으신 분 -대규모 프로젝트 수행 경험..."
14a84e493f6caa2b,Business Data Analyst (경력),데브시스터즈,서울 강남구,데이터베이스·DBA>SQL|인터넷·IT·통신·모바일·게임>응용프로그래머> Python|인터넷·IT·통신·모바일·게임>빅데이터·AI(인공지능)> Python|인터넷·IT·통신·모바일·게임>빅데이터·AI(인공지능)>데이터분석|인터넷...
ec5c7ccd76639120,[외국계 스타트업 미소] Data Analyst,유한회사 미소,서울,통신·모바일·게임>빅데이터·AI(인공지능)>데이터분석|인터넷·IT·통신·모바일·게임>빅데이터·AI(인공지능)> Python|인터넷·IT·통신·모바일·게임>데이터베이스·DBA>MySQL|인터넷·IT·통신·모바일·게임>데이터베이스...
d750b32e62ec3cb6,[무료교육/연계] 2022년 K-Digital 보안 전문가 과정 SK쉴더스 루키스 7기,에스케이쉴더스,경기도,통신·모바일·게임>빅데이터·AI(인공지능)>데이터분석|인터넷·IT·통신·모바일·게임>빅데이터·AI(인공지능)> Python|인터넷·IT·통신·모바일·게임>빅데이터·AI(인공지능)>머신러닝|인터넷·IT·통신·모바일·게임>빅데이터...
40de6a4b81f8724f,[전문연구요원 신규편입/전직] 의료영상/음성인식/생체신호 연구원,뷰노코리아,서울 서초구,인공지능)>텍스트마이닝|인터넷·IT·통신·모바일·게임>빅데이터·AI(인공지능)>인공지능(AI)|인터넷·IT·통신·모바일·게임>빅데이터·AI(인공지능)> Python|인터넷·IT·통신·모바일·게임>빅데이터·AI(인공지능)>딥러닝
8f98e142241884a4,[연구개발 부문] 연구원 (MCU 계측제어설계/머신비전/이미지프로세싱),모든,경기도 광명,"프로그래밍 가능자 우대S/W 설계 부문 : - OPEN CV, TENSORFLOW, YOLO, CUDA/ Python, C++, C WindowsGUL APL, MFC Lib 활용 가능자. 머신비전/ 영상처리 개발자* 전기..."
1961a1ecccb03336,[NIT Service] 네이버 파이낸셜 플랫폼 운영,엔아이티서비스,성남 분당구,"및 어플리케이션 배포 전략 지식 보유 - Shell script, python 및 web framework 등 기타 프로그래밍 언어 활용 가능... 보유 - Shell script, python 및 web framework..."
05c29a96c53d12ab,"머신러닝, 딥러닝 외 신입/경력 정규직",몹티콘,서울 구로구,"1) 주요 업무 분야 : 머신 비젼, 영상 처리, 딥러닝 알고리즘 2) 사용 언어 : C, C++, Python 3) TensorFlow, Deep Learning 관련 지식 보유자 우대 4) Vision, Image..."
98a3e3328fec92db,데이터 엔지니어,Bagelcode,서울,"end pipeline의 개발 ( Python, Airflow, k8s 활용... 데이터베이스 등 기본적인 전산 지식에 대한 이해를 갖추신 분 - Python / Java / Scala / Kotlin / Go 등의 언어로 개발..."
b03b8655f632f8f0,[네오컨버전스] 딥러닝 개발자 신입/경력 정규직,네오컨버전스,서울 성동구,"부설연구소 [자격요건]신입, 경력(연차무관)대학교(4년)졸업 이상- Python 개발 가능자- Pytorch 딥러닝 프레임 워크 경험자- 딥러닝 이해... 게임>빅데이터·AI(인공지능)> Python|인터넷·IT·통신·모바일·게임..."
b02be4ea99e5903d,[Engineering Div.] Esports Engineer (4년 이상),크래프톤,서울 강남구,"개발 Python, C#(.NET Core), Javascript, Docker, AWS 이런 경험을 가진 분과 함께 성장하고 싶습니다! Python... 래머> Python|인터넷·IT·통신·모바일·게임>응용프로그래머> Python..."
6d15c3420e935aea,AI 분야 경력,LG CNS,서울,"이상 (AI 관련 논문 발표) ② AI/딥러닝 알고리즘 연구개발 프로젝트 경험 ③ Ubuntu Linux, Python, Tensorflow, PyTorch 사용 중상급 이상 우대사항(해당 내용 중 1개 이상) ① AI/머신..."
1fa918baacd1fc58,Software Engineer (MLOps),BOEING,서울,"experience in more than one software language (ex: C++, Python, Vue.js, Model-based Engineering, and so on) Proper English..."
fa41f0cea1315113,"정보전략팀(IT) 기획, 개발 경력사원 (~3/4)",삼성자산운용,대한민국,"년이내 - SQL(Oracle 또는 MS-SQL) 능통 - Java, XML, PL/SQL, VB, Python 중 1개 이상 개발경험 - 모바일(안드로이드,IOS) 개발 가능자 우대 - 회계시스템, OMS, PMS..."
b02ac4c4261e0dd7,"Technical Solutions Manager, gTech Customer Experience",Google,서울,"one or more... following languages: Java, C++, or Python. Ability to speak and write in English and Korean fluently..."
a5a1cdc789366517,디지털마케팅 경력,LG전자,서울특별시,"케이션 인프라 구축 및 운영 경험 보유자 - SEO 컨설팅 경험 및 개선 프로젝트 경험자 - SQL, R, Python 등 통계 패키지 활용 자격증 보유 및 데이터분석 역량 보유자 - AR/VR 활용 마케팅 컨텐츠 제작/활용..."
7a165c95f20fa6aa,[신입/경력] 스마트 교통 시스템 임베디드 소프트웨어 개발자,몹티콘,서울 구로구,"1) 주요 업무 분야 : 머신 비젼, 영상 처리, 딥러닝 알고리즘 2) 사용 언어 : C, C++, Python 3) TensorFlow, Deep Learning 관련 지식 보유자 우대 4) Vision, Image..."
f5c40ec89231fd10,음성인식 서버 개발 및 운영 전문가,에스케이텔레콤,서울 종로구,"기반의 API 설계 및 개발 경험개발 역량– C/C++, Java, Python, shell script 등 리눅스 환경 실무 개발 가능– 병렬화 및... 통신·모바일·게임>응용프로그래머> Python|인터넷·IT·통신·모바일·게임..."
71c47ac87bb4087e,기술 인턴 인공지능 응용 연구/개발 인턴,써로마인드로보틱스,서울 관악구,"6개월) (협의) *모집 절차: 서류 à인터뷰(오프라인) *지원 자격: 프로그래밍 언어 활용 능력: Python, C, C++ 중 1가지 이상 데이터구조, 알고리즘 과목 이수 머신러닝과 딥러닝의 기본 개념 이해 머신러닝..."
8c8c96a3ffac77f8,데이터 엔지니어 경력 정규직,아이디케이스퀘어드,서울 중구,"Redshift, Snowflake 등) 설계, 개발, 운영 경험• Python/R/dbt, Kafka/Airflow 등을 사용하여 데이터 전처리를... 게임>빅데이터·AI(인공지능)> Python|인터넷·IT·통신·모바일·게임..."
b3a6c83c9debcb92,네이버 파이낸셜 플랫폼 운영,NIT Service,성남 삼평동,"Docker(kubernetes) 및 어플리케이션 배포 전략 지식 보유 - Shell script, python 및 web framework 등 기타 프로그래밍 언어 활용 가능 - 국가보훈대상자 및 장애인은 법령에 의거..."
af5683389907a8c9,백엔드 개발자 (경력),크로스앵글,서울 역삼동,"데이터 관리 (Auth0) - 블록체인 지갑 인증 (Ethereum, EOS) [자격요건] - 백엔드 & Python 실무 개발경험 3년 이상 혹은 그에 준하는 능력을 갖고 있으신 분 - 새로운 기술에 대해 호기심을 갖고..."
d048ae09bb3258fc,[NAVER Z] 데이터 엔지니어,네이버제트,성남 분당구,"서비스 API 개발 및 운영자격요건 및 필요역량- 관련 분야 개발 경력 3년 이상- Scala/Java/ Python, Spark, Kafka(Stream) 기반 빅 데이터 처리 경험이 있으신 분- 빅데이터 엔지니어링 도구에..."
dce9169c36eaaf92,[SAPEON Korea] Deep Learning Library 개발자,에스케이텔레콤,성남 분당구,통신·모바일·게임>빅데이터·AI(인공지능)>데이터분석|인터넷·IT·통신·모바일·게임>빅데이터·AI(인공지능)> Python|인터넷·IT·통신·모바일·게임>빅데이터·AI(인공지능)>머신러닝|인터넷·IT·통신·모바일·게임>빅데이터...
2642a83874ea6bab,"영상처리, 컴퓨터 비전 전문가 (신입/경력)",에바,성남 수정구,"인원 [담당업무] Python, C++, MFC, C를 이용하여 - OpenCV 로 Visual SLAM 개발- MFC, Python을 이용하여 GUI... 통신·모바일·게임>응용프로그래머> Python|인터넷·IT·통신·모바일·게임..."
0c067de742005bfc,Associate Software Engineer (AvionX),BOEING,서울,"software coding more than 1+ software languages (e.g. C, C++, Python, model based engineering and so on) Proper English..."
9518633e4ddd93aa,[Manta] 데이터분석가,RIDI Corp,서울,"이상의 모바일 앱 및 웹의 고객 행동 데이터 분석을 통한 서비스 개선 경험 데이터 처리 언어(SQL, R, Python, Scala 등)와 BI툴(Tableau, Power BI 등)에 대한 지식을 보유하고 계신 전문가 빠르..."
093aff756539c03b,Mid-level Software Engineer (AvionX),BOEING,서울,"software coding more than 1+ software languages (e.g. C, C++, Python, Simulink and so on) Proper English communication skill..."
fb8f5764cdbe3c39,"Customer Solutions Engineer, Global Client and Agency Soluti...",Google,서울,"general purpose programming language (e.g., Java, C/C++, Python). Ability to speak and write in English and Korean fluently..."
464ef95516a5fa5c,8퍼센트 경력 개발자,8퍼센트,서울 종로구,"개발업무 - 금융 서비스 개발 - Python/Django 기반 - 정해진 역할이 아닌 기능에 따른 업무 분배 - 프로트엔드부터 백엔드까지 업무 범위... SQL 기본 - git flow - python, django 경험자 우대"
61b23b6cfda8ab6c,데이터 분석가 (신입/경력),게임빌컴투스플랫폼,서울 금천구,빅데이터·AI(인공지능)>빅데이터|인터넷·IT·통신·모바일·게임>빅데이터·AI(인공지능)>데이터분석|인터넷·IT·통신·모바일·게임>빅데이터·AI(인공지능)> Python|인터넷·IT·통신·모바일·게임>데이터베이스·DBA>SQL
06d133676285b02e,[보안] 침해사고 대응,NHN] [보안,성남 판교역,"팩트 자동 수집 도구 개발 경험 - 아티팩트 분석 도구를 능숙하게 사용 가능하신 분 - C, Java, Python 등을 통한 업무 자동화 및 분석도구 개발 경험 - 기업 CERT 직무 수행 경험 - CVE 실무 경험..."
4d6fa0f1b9726d7c,디지털 미디어 매니저(퍼포먼스&브랜딩) 신입/경력,스스스스,서울 서초구,[우대 요건] 1) 마케팅 전공자 2) 영어 커뮤니케이션 가능자 3) Python을 통한 프로그래밍 가능자 4) 구글 및 페이스북 셀프서브 가능자 5) GA 및 써드파티 트래커 활용 가능자 마케팅·광고·홍보·조사>마케팅>온라인마케팅
0d10d8993d3cdfa9,HW/SW 분야 직무 교육 전문강사,에이치에스글로벌,서울 강남구,통신·모바일·게임>응용프로그래머>인공지능(AI)|인터넷·IT·통신·모바일·게임>빅데이터·AI(인공지능)> Python|인터넷·IT·통신·모바일·게임>빅데이터·AI(인공지능)>빅데이터|인터넷·IT·통신·모바일·게임>빅데이터·AI...
41eda88d237f0abe,Application Engineer for MCU & Touch,Infineon Technologies,대한민국,"optionally additional language skills (e.g. C#, C++, Python..) Experienced in low level components of timer, counter, PWM..."
dc793caf2ce3e2bb,1분기 게임 서버 개발자 (신입/경력),이스트게임즈,서울 서초구,"프로그래밍 언어로 소프트웨어를 개발한 경험이 있는 분 * C/C++, C#, JavaScript, Python, Go.새로운 프로그래밍 언어를 습득하는데 어려움이 없거나 혹은 흥미를 갖고 있는 분OS/System..."
cda0aa8499766eeb,데이터 엔지니어,RIDI Corp,서울,"에서의 데이터 파이프라인 구축 및 운영 경험 GA, Tableau 등 외부 분석/시각화 도구에 대한 지식 Python, Java, Scala 중 하나 이상을 이용한 개발 경험 추가 정보 지원 서류 안내 제출서류 : 이력..."
48c56fc0745c828e,D-lab 팀원 모집,이지스자산운용,서울 여의도,"Spark 등) - Data Pipeline 구성, 모니터링 및 성능 최적화 (Tableau 또는 Python Torch, Tensorflow 등 ML Library와 BI 분석을 위한 데이터 공급) 2) Back..."
76470270c65d9a3b,[KSTEC] Java 프로그래머 경력사원,지식시스템,성남 분당구,통신·모바일·게임>응용프로그래머>.NET|인터넷·IT·통신·모바일·게임>웹프로그래머>JAVA|인터넷·IT·통신·모바일·게임>웹프로그래머> Python|인터넷·IT·통신·모바일·게임>웹프로그래머>HTML·DHTML·mHTML
0d82785770c4a1c0,[대기업 물류회사] 물류컨설팅팀 내부효율화 담당 (대리~과장급),비에이블컨설팅그룹,서울 중구,법률·인문사회·임원>임원·경영분석·컨설팅>컨설턴트|경영·인사·총무·사무>경영·기획·전략>전략기획|인터넷·IT·통신·모바일·게임>빅데이터·AI(인공지능)> Python|인터넷·IT·통신·모바일·게임>빅데이터·AI(인공지능)>R
613e8260c0a33e9d,[NAVER Cloud] 빅데이터 분석 플랫폼 엔지니어,네이버클라우드,성남 분당구,게임>응용프로그래머>JAVA|인터넷·IT·통신·모바일·게임>응용프로그래머> Python|인터넷·IT·통신·모바일·게임>빅데이터·AI(인공지능)> Python|인터넷·IT·통신·모바일·게임>빅데이터·AI(인공지능)>빅데이터|인터넷...
2c322e447a712b27,"데이터 분석 기반 프로그래머(Java, Python)",비즈플러그,서울 영등포구,"Java, JSP, R, Python, 각종 DB 가능자와 AI경험자 및 영어능통자를 우대합니다.(DB기본기, js, Python, Django... 대합니다.- AI(ML, DL, Python, R 등)에 유능한 분을 우대..."
326064b610f8f331,[Search팀] 백엔드 개발자,야놀자,서울 강남구,바탕 인터넷·IT·통신·모바일·게임>웹프로그래머>백엔드|인터넷·IT·통신·모바일·게임>응용프로그래머>JAVA|인터넷·IT·통신·모바일·게임>응용프로그래머> Python|인터넷·IT·통신·모바일·게임>응용프로그래머>C·C++
40edd17797bfcfbe,웹 프로그래머 채용,비즈코어솔루션,서울 서초구,"ㆍ 웹 솔루션 및 웹 사이트 개발 ㆍ PHP, JSP, JAVA, CSS, Jquery, MYsql ㆍ python 경력자 우대 ㆍ 서버 관리 경험자 우대 ㆍ 전산 관련 전공자 우대 *급여 내용 신입 - 기본급 : 200..."
9ff286e5c18f8065,[Forest CIC] NAVER Shopping Data Solution 직무별 담당자 (경력),네이버,서울,"비정기적 데이터의 현황을 인사이트 있게 분석 하고 , 간결한 언어로 리포팅 경험이 많으신 분 - R/ Python, SQL 등 분석툴 활용 능력이 가능하신 분 - 데이터 모델링을 위한 수학적 , 통계적 지식이 있으신 분..."
c4145dce440c02f8,[전문연구요원 신규편입/전직] SW Engineer/Backend/Frontend 개발자,뷰노코리아,서울 서초구,백엔드|인터넷·IT·통신·모바일·게임>웹프로그래머>프론트엔드|인터넷·IT·통신·모바일·게임>웹프로그래머> Python|인터넷·IT·통신·모바일·게임>응용프로그래머>Linux|인터넷·IT·통신·모바일·게임>응용프로그래머>인공지능...
109c5533ffdaaa84,[DB금융투자] 2021년 하반기 신입사원 모집,DB그룹,서울 대치동,"개선, 신규 서비스 기획 등 프로젝트 진행 전공 제한없음 ※ JAVA, Objective-C/Swift, Python 등 기술보유자 우대... 금융관련 자격증 보유자 우대 ※ 영어 능통자 우대 0명 서울 (여의도..."
0109bcf595edb037,개발품질보증 담당,고영테크놀러지,수원 영통구,"질보증 부문 경력 보유자[우대사항]- 신뢰성 공학 및 데이터 통계기반 품질관리, 6시그마 품질관리 역량 보유자- Python 프로그램 활용 역량, CAD 설계 역량, 3차원측정기(CMM 등) 계측기 활용 역량 보유자[전형절차..."
2729ca20ed597d72,ASIC Design Engineer,HP,경기도,"based verification Familiar with Verilog, System Verilog, Python, Perl, C, C++, embedded ARM F/W. Familiar with code base..."
d4e40db6e9776da3,[대형증권사] 자산배분전략 수립/모델개발,인코리아 프로페셔널,서울 강남구,통신·모바일·게임>웹프로그래머>JAVA|인터넷·IT·통신·모바일·게임>웹프로그래머>프론트엔드|인터넷·IT·통신·모바일·게임>웹프로그래머> Python|인터넷·IT·통신·모바일·게임>웹프로그래머>HTML·DHTML·mHTML
fc09bd46b913c048,[NHN Cloud] 시스템 엔지니어링,NHN] [NHN Cloud,성남 판교역,"운영 경험 보유 - 쉘 스크립트 또는 프로그래밍 개발 스킬 보유 * Bash, PowerShell, Python, JAVA, etc * 운영 자동화/효율화 경험 보유 - 대용량 트래픽 처리를 위한 인프라 설계와 구축..."
e46f9a5073d8cfea,2022년도 개발자 (신입/경력),서울소프트,서울 금천구,"개발-자사 웹사이트 백엔드 개발(자격요건)-경력 2년 이상의 Django, React framework, Python 사용 가능자[근무부서 및 직급/직책]근무부서: 개발팀직급/직책: 연구원, 주임연구원, 선임연구원, 책임연구..."
19beeb5c7f50c5b4,데이터 사이언티스트,Bagelcode,서울,맞게 데이터 모델 및 스키마를 꾸준히 개발 및 발전 * 이런 역량을 가지신 분을 찾습니다. - SQL / Python / R 등 데이터 분석 업무를 수행할 수 있는 하나 이상의 개발 언어를 경험하신 분 - 통계 지식에 대한...
4c25d6649f8434a8,[외국계 스타트업 미소] Business Analyst Intern (정규직 전환형),유한회사 미소,서울,통신·모바일·게임>빅데이터·AI(인공지능)>데이터분석|인터넷·IT·통신·모바일·게임>빅데이터·AI(인공지능)> Python|인터넷·IT·통신·모바일·게임>데이터베이스·DBA>MySQL|인터넷·IT·통신·모바일·게임>데이터베이스...
4e6ee65e4cd343d0,2022년 상반기 기업부설연구소 각 부문별 경력사원,디에스티인터내셔날,서울 금천구,"웹, jQuery, Python 프로그램 유경험자□ 인공지능 분야 담당 업무- 인공지능 알고리즘 개발 수행 지원 자격- 경력 : 3년 이상- 하나 이상의 프로그래밍 언어에 익숙한 분( Python, Java, PHP 등..."
42f10e68b30fd77f,데이터 플랫폼 백엔드 개발자 모집,넷마블,서울 구로구,"GCP 환경의 플랫폼 개발 및 운영 - 데이터 파이프라인 구성 및 운영 자격요건 - Java, Python 중 하나 이상의 언어에 익숙한 분 - 자료구조, 알고리즘, 운영체제 등 전산 기초 지식이 있는 분 - SQL..."
69ab906877d48391,1분기 웹 개발자 (신입/경력),이스트게임즈,서울 서초구,"purpose 프로그래밍 언어로 소프트웨어를 개발한 경험이 있는 분 * Java, JavaScript, Python, Swift, Kotlin. 인터넷·IT·통신·모바일·게임>게임(Game)>게임퍼블리싱|인터넷·IT·통신..."
aa20b37148768ec5,Quantitative Researcher,WorldQuant,서울,etc.) Excellent academic record Proficiency in C/C++ or Python... other programming languages Excellent problem solving...
0f1a42c235df87db,"Customer Engineer, Corporate, Google Cloud",Google,서울,"scripting/programming languages: Java, Go, Kotlin, C#, Python, Perl... Shell Scripting. Ability to rapidly prototype..."
d1d26bc871719fe2,대학생인턴십 2기 모집,LG에너지솔루션,서울 영등포구,"러시아어 회화 가능자 - 통계 프로그래밍(Minitab, SPSS, SAS 등), 프로그래밍언어(R, Python 등) 활용 경험 보유자 - 빅데이터/IT/품질/환경안전 관련 자격증 보유자 - PLC,N/W, 비전, 센터..."
cb973769974700e0,"Software Engineer, Android Connectivity",Google,서울,"one or more... following languages: C, C++, Java, or Python. Preferred qualifications: 5 years of experience in Android..."
050e9ec2f8975950,"Staff, Data Analyst (ROD)",Coupang,서울,"Key Responsibilities: Utilize code ( Python, R, SQL etc... extracting, analyzing... package... R or Python Experience..."
c49c1ecc85c4d960,C++ Developer for High Performance Cloud Database,SAP,서울,"C++ Experience in multi-thread programming Experience in SQL, Python, Git Experienced... development on Linux environment..."
375d31c1f3157770,Machine Learning Engineer,3i,서울,"statistics and algorithms • Ability to write robust code in Python, Java and R • Familiarity with machine learning..."
dfd13a83f33db77a,[SAPEON Korea] Deep Learning Software Engineer,에스케이텔레콤,성남 분당구,"2년이상- 학력/전공 : 학력무관/전공무관이런 경험이 있다면더욱 좋습니다.※ 필요 역량 - C/C++ 또는 Python에 대한 깊은 이해 및 능숙한 개발 능력 - 소프트웨어 설계 및 알고리즘 구현, 최적화 역량 - Linux..."
3ee36bdc09e03808,Korea - Site Reliability Engineering Lead,Nike,서울,"other modern enterprise languages (functional or other -Scala, Python, Golang, etc.) is preferred • Understanding of DNS..."
9f0ce22eee4259bb,"교육 기획/운영, 시스템 기획",매직에코,서울 성동구,"Science, Data Science, AI, Algorithm, Python 등... 데이터 분석, 인공지능, 프로그래밍 언어) 교육에 관심... AI, Algorithm, Python 등)• IT(데이터 분석, 인공지능..."
34d45b4756e097c1,경영지원 경력 전부문 수시채용,HK이노엔,서울 을지로2가,"우대사항] - 빅데이터 분석 프로젝트 Leading 경력 - 보건의료 빅데이터 분석 경력 - SAS, R, Python 등 프로그래밍 가능자 - 머신러닝/딥러닝 활용 예측모형 개발 - 보건의료 빅데이터(건강보험심사평가원..."
9720582e65044101,이공계 우수인력 희망기업,한국산업기술진흥협회,서울,과정명 연수지역 연수기관 연락처 경기도경제과학진흥원 JAVA와 파이썬( Python)기반 빅데이터 분석 양성 서울 031-259-6067 동양미래대학교... 게임>빅데이터·AI(인공지능)> Python|인터넷·IT·통신·모바일·게임...
c6e889c7d8279342,"Manager, Advertising Solutions Architect, gTech Professional...",Google,서울,"marketing... business analysis. Experience in coding (e.g. Python, Java, C++, etc.), database (e.g. SQL) and web..."
b25a378d97c7a56c,[AI] 서비스/시스템 개발,NHN] [AI,성남 판교역,"Elasticsearch 사용 경험 - MSA 에 대한 이해 - Python, C, C++ 개발 경험 - Docker 및 Container... 이용한 로그 시스템 운영 - Python 개발 경력 3년 이상 또는 그에..."
424c40da403d9398,금융공학연구 신입/경력/병역특례 채용,NICE피앤아이,서울 여의도,"Data Science 프로젝트 경험 Big Data에 대한 분석능력( Python, R, Excel, Tableau 등) DevOps (신입/경력... AICPA/FRM 자격증 우대 Python/R/VBA/SQL 등 코딩 개발..."
b04ed26e02c30d00,P2E 게임 블록체인 백엔드 개발자 (경력),네오위즈,대한민국,"적용 자격요건 - 2년 이상의 백엔드 서비스 개발 경험이 있으신 분 - Java, Javascript, Python 등 하나 이상에 대한 프로그래밍 언어 경험이 있으신 분 - Spring 등 웹 프레임워크에 대한 경험..."
48c982e865d9303a,개발직군 산업기능요원 보충역 신규 특별,베이글코드,서울 강남구,통신·모바일·게임>빅데이터·AI(인공지능)>머신러닝|인터넷·IT·통신·모바일·게임>빅데이터·AI(인공지능)> Python|인터넷·IT·통신·모바일·게임>응용프로그래머>머신러닝(ML)|인터넷·IT·통신·모바일·게임>응용프로그래머...
14d562d10c215572,"PHP, Python 신입/경력 정규직",비즈부스터,서울 금천구,"주식회사 비즈부스터 PHP, Python 개발자 채용 모집부문 및 자격요건 담당업무 자격요건 인원 [담당업무]*당사의 서비스(비즈탑) 솔루션 및 서비... 프로그래머>PHP |인터넷·IT·통신·모바일·게임>웹프로그래머> Python"
166aa0c72e94a266,Sr. Business Data Analyst,Soomgo,서울 강남구,"분 코호트 분석, 퍼널 분석 등 다양한 분석 방법론을 사용하실 수 있는 분 이런 분이라면 더욱 좋아요 Python 또는 R을 사용한 데이터 분석에 능숙하신 분 통계학, 경제학, 산업공학, 수학, 머신러닝 등 관련 전공..."
c04680232735292a,가상자산 트레이딩 / 시스템 개발자,블록투리얼,서울 강남구,및 제출서류에 허위사실이 있을 경우 채용이 취소될 수 있습니다. 금융·보험·증권>투자·분석·증권·외환>자산관리|인터넷·IT·통신·모바일·게임>응용프로그래머> Python|인터넷·IT·통신·모바일·게임>응용프로그래머>C·C++
a8bba443b155ac1a,[KSTEC] SW 프로그래머 경력사원,지식시스템,성남 분당구,통신·모바일·게임>응용프로그래머>.NET|인터넷·IT·통신·모바일·게임>웹프로그래머>JAVA|인터넷·IT·통신·모바일·게임>웹프로그래머> Python|인터넷·IT·통신·모바일·게임>웹프로그래머>HTML·DHTML·mHTML
28e8827913a5a90b,[서울게임아카데미] 게임개발분야 국기 교육생,서울게임,서울 종로구,통신·모바일·게임>웹프로그래머> Python|인터넷·IT·통신·모바일·게임... 로그래머>머신러닝(ML)|인터넷·IT·통신·모바일·게임>응용프로그래머> Python|인터넷·IT·통신·모바일·게임>응용프로그래머>증강현실(AR)|인터넷...
043516001b6ef966,교육 웹 서비스 기획/ 콘텐츠 서비스 기획,매직에코,서울 성동구,"Science, Data Science, AI, Algorithm, Python 등... 데이터 분석, 인공지능, 프로그래밍 언어) 교육에 관심... AI, Algorithm, Python 등)• IT(데이터 분석, 인공지능..."
677cee81b4f6e955,데이터분석가 - Global Leading Consulting Firm,에스에프인촌,서울,모바일·게임>빅데이터·AI(인공지능)>데이터분석|인터넷·IT·통신·모바일·게임>빅데이터·AI(인공지능)> Python|인터넷·IT·통신·모바일·게임>빅데이터·AI(인공지능)>인공지능(AI)|마케팅·광고·홍보·조사>조사·분석...
c0574107a4de85c1,로데슈바르즈코리아 연구소 개발자,로데 슈바르즈 코리아,서울 강남구,"소프트웨어 개발 혹은 시스템 통합 경험을 보유하신 분으로 경력 1년 ~ 3년ㆍ프로그래밍 언어 C/C++, Pythonㆍ적극적으로 동료들과 소통하고 책임감이 있는 분ㆍ새로운 기술 습득에 열정이 있으신 분ㆍ비지니스 수준의 영어..."
5335ea43f5d9d6c0,하드웨어 신입/경력 정규직,대영에스텍,대전 유성구,"회로 설계 경험자° HDL을 이용한 FPGA IP 설계 및 검증 경험자° OrCAD, Matlab, C, Python 툴 경험자° 석/박사 학위 수여자° 방산/보안 계열 개발 유경험자[학력 및 유관전공]° 학력: 대졸(4년제..."
340fa2d2204cf879,"Cloud AI Engineer, Professional Services",Google,서울,"Experience writing software in one or more languages... Python, Scala, R... similar. Experience building machine..."
3db9b6d8f7099396,(주)아이옵스 SAR 위성영상 활용 신입/경력,아이옵스,대전 유성구,"SAR 영상처리 관련 과제 수행 경험자 ㆍ관련 프로그램 (Marlab, Python, C/C++등) 사용 가능자 0 명 근무조건 고용형태: 정규직급여... AI)|인터넷·IT·통신·모바일·게임>빅데이터·AI(인공지능)> Python"
2f56d4b70c1df086,하반기 인턴직 모집,한솔그룹,서울 을지로2가,"지니어 (IT 인프라 관리/운영) 서버, 네트워크 Bash, Java, Python ① 학력 : 초대졸 이상 (2020년 2월 이후 졸업/졸업예정... JavaScript, VC++, Python) 한솔 PNS IT 부문..."
69d3cc2cca262747,Machine Learning Engineer Intern - Korea,MOLOCO,서울,"Strong algorithms and data structure skills. Fluent... least one programming language including Python, Java, and Golang."
bd407dd1ccacd03a,[경력] 광고 시스템 개발 / CJ ENM 엔터테인먼트부문,CJ ENM,서울 중구,border-bottom-color: initial; 인터넷·IT·통신·모바일·게임>응용프로그래머> Python|인터넷·IT·통신·모바일·게임>응용프로그래머>Linux|인터넷·IT·통신·모바일·게임>ERP·시스템분석·설계...
c790595139a6ee19,[TmaxOS/R&D] OS부문 개발자,티맥스소프트,성남 분당구,CD 개발 운영 [주 사용 언어] - C/C++ - JavaScript/TypeScript - Java - Python 자격요건 - 4년제 대졸(학사) 이상 / 기졸업자 또는 22년 8월 졸업 예정자 - 컴퓨터 및 전산관련...
a0397bd0c63f81ea,DevSecOps Engineer,IBM,서울,other K8s ecosystem Experience with scripting languages... Python / Ruby / Go. Good written/verbal communication skills...
e8004f38042e7d44,NAVER Cloud 사내 플랫폼 운영,NIT Service,성남 삼평동,"Network관련 기초 지식을 보유하고 계신 분 - script ( Python, Html, javascript, Linux shell 중 1개이상... WEB/WAS, DB운영 경험 - Python, JAVA 중 하나의 프로그..."
5ab0b45dfa93411b,Data Engineer 신입사원,플리토,서울 강남구,"분류, 개인정보 비식별화, 불량 코퍼스 필터링 등 다양한 ML 프로젝트 (예정)[자격요건]- Julia / Python / R 중에서 자신 있는 프로그래밍 언어가 있는 분- 하나의 데이터도 놓치지 않고 꼼꼼하게 관리할 수..."
684773d3141f91b5,[TmaxAI/R&D] NLP(자연어/문서/음성)부문 개발자,티맥스소프트,성남 분당구,"DB 개발 경험이 있으신 분 [음성, 자연어처리] -관련 분야의 연구 경험 / 기본 지식 보유자 -기본적인 Python 프로그래밍이 가능하신 분 우대사항 [리더급] -전반적으로 인공지능 자연어/문서처리 기술에 대한 이해가..."
b2eb1fe78ff9ee5f,[대기업] 데이터분석가 경력 (대리~과장급 2명),에이치알니즈,서울,"경력5년 이상-통계분석과 Machine Learning알고리즘에 대한 기본지식 보유-SQL, SAS, R, Python 중2개 이상의 분석도구에 대한 기본 이해-현상에 대한 문제인식과 적극적인 문제해결의지-통계적 수치에 대한..."
70a318a782ff1cbf,"목동 컴퓨터 학원 코딩 강사 (정규직 및 계약직,경력무관)",아이브코딩목동학원,서울 양천구,"2,3년)졸업 이상 기타: [IT·문화·직업강사] - C, C++, Python 언어 수업 가능자 [교육상담·학원에이전트 ] - CS 마인드 보유자... 문화·직업강사]- C, C++, Python 언어 수업 가능자[교육상담..."
3544467a7b64376f,[전문연구요원] 의료영상 리서치 엔지니어 정규직,메디픽셀,서울 마포구,"학력무관직무기술: VISUALC++, 응용프로그래밍, C·C++, Python, AI개발 2 명 근무조건 고용형태: 정규직(수습기간3개월)근무부서... 머신러닝(ML)|인터넷·IT·통신·모바일·게임>응용프로그래머> Python"
b40a09bb26c18930,"S/W개발자, H/W개발자, 기구설계 전문가",뉴로직,서울 강서구,"집부문 담당업무 자격요건 인원 S/W개발자H/W개발자기구설계직 [담당업무][S/W 개발]- C, C++, Python 프로그래밍 가능- 영상 처리, 컴퓨터 비전, 머신러닝, 비디오 스트리밍 관련 개발 경력 보유- OpenCV..."
444bd32c9e95004a,[대형증권사] IT퀀트 개발자,인코리아 프로페셔널,서울 강남구,"로세스에 대한 이해학력사항: 대학교(4년)졸업 - 이공계 전공, C#, Python,JavaScript,SQL 사용 가능 우대 0 명 근무조건 고용형태... 통신·모바일·게임>웹프로그래머> Python|인터넷·IT·통신·모바일·게임..."
016de9bb83a8032d,JR0186078 AI Research Engineer Intern,인텔코리아,서울,"architectures, and optimization strategiesProgramming skills with Python/C++Experience working with one or more deep learning..."
f6a0cd3f6af36d15,"백엔드, Python 외 경력 정규직",아토머스,서울 강남구,개발 경력 5년 이상 또는 Python 개발 경력 1년 이상- React... 게임>웹프로그래머>백엔드|인터넷·IT·통신·모바일·게임>웹프로그래머> Python|인터넷·IT·통신·모바일·게임>웹프로그래머>웹개발|인터넷·IT·통신...
22ffe020e40de675,[포티투마루] 인공지능(AI) 개발자 전 부문,포티투마루,서울 서초구,인터넷·IT·통신·모바일·게임>빅데이터·AI(인공지능)> Python|인터넷·IT·통신·모바일·게임>빅데이터·AI(인공지능)>머신러닝|인터넷·IT·통신·모바일·게임>빅데이터·AI(인공지능)>딥러닝|인터넷·IT·통신·모바일·게임...
e91b5984e7f5d3fd,"데이터베이스개발자, 웹개발 신입/경력 정규직",여의도사람들,서울 영등포구,"개발자 ㆍCss/html 등 웹디자인 관련 유경험자 ㆍ자바스크립트, Python, C++, 닷넷 등 ㆍNode, Selenium, electron... 관련 유경험자ㆍ자바스크립트, Python, C++, 닷넷 등 ㆍNode..."
f54bac6c78fd3240,코딩에 빠진 수퍼 개발자 (펌웨어 개발),에바,성남 수정구,"학력무관직무기술: 펌웨어(Firmware), Embedded System S/W 개발(판교) c/c++, Python 3 명 근무조건 고용형태: 정규직근무부서: 개발팀급여조건: 연봉 협의 후 결정 전형단계 및 제출서류 전형단..."
52775b7d82398d85,"[대기업] 딥러닝 (AI, 영상인식) 전문가 (석박사급)",비에이블컨설팅그룹,서울,공지능)>딥러닝|인터넷·IT·통신·모바일·게임>빅데이터·AI(인공지능)> Python|인터넷·IT·통신·모바일·게임>빅데이터·AI(인공지능)>데이터분석... 통신·모바일·게임>응용프로그래머> Python|인터넷·IT·통신·모바일·게임...
3415a2ec10f41d98,[램플코딩학원] 온오프라인 코딩 강사,밸류에잇 벤처스,대전 서구,"우대사항]ㆍ전공계열: 공학계열(컴퓨터공학, 소프트웨어공학, 시스템공학)ㆍ자격증: 정보처리기사ㆍC언어, Python 가능자ㆍ아두이노 로봇 강의 가능자 우대ㆍ자격증반/대회반 교육 경력자 우대 00 명 근무조건 고용형태: 계약직..."
78e99625e5de3c95,전문연구요원 (병역특례) 수시 (AI / HW 분야),딥엑스,성남 분당구,"모델의 RTL IP 설계 및 IP 검증 가능자 - Language: Python/Perl, C/C++ [우대 조건] - ARM based SoC 설계... Linux, shell, tcl, python, perl 사용 원활..."
7554e5017bef968e,"[대형증권사] LP/MM 시스템 개발 및 운영,유지보수",인코리아 프로페셔널,서울 강남구,레이딩 시스템에 대한 이해 및 열정 보유 <우대사항>C++/JAVA/ Python 프로그래밍 가능 0 명 근무조건 고용형태: 정규직급여조건: 연봉 협의... 통신·모바일·게임>웹프로그래머> Python|인터넷·IT·통신·모바일·게임...
7460bee9995ddfee,클라우드 보안 서비스 담당자 [경력],씨디네트웍스,서울 강남구,함한 TCP / IP 프로토콜 스택 및 OSI 모델의 실제 응용 프로그램에 대한 깊은 지식- Linux 기술- Python / Shell 프로그래밍을 활용한 작업 자동화 및 도구 개발 가능자 우대 사항 영어 / 중국어 가능자...
1bc6c09051f1d591,AI Research Engineer,Intel,서울,"PyTorch, Caffe, and MxNet - Strong programming skills with Python and C/C++ - Experiences in programming and testing on Linux..."
14e4fe59d785bce3,[산업기능요원] Software Engineer,Bear Robotics,서울,"데이터 처리하며 프로세스 자동화 환경을 구축합니다. 자격 요건 산업기능요원 편입/전직 자격을 갖고 계신분 Python 개발에 자신 있는 분 다음과 같은 분야에서 하나 이상의 전문성을 갖춘 분 : 프론트엔드 앱, 분산/병렬..."
1cd2d977967bf716,Jr. Business Data Analyst,Soomgo,서울 강남구,"니케이션이 가능하신 분 Google Bigquery, My SQL 등의 환경에서 데이터 분석을 경험해보신 분 Python, R 등의 스크립트 언어를 이용한 데이터 처리가 가능하신 분 O2O 서비스, 매칭 플랫폼 혹은 E..."
872035f47cfd4850,자산운용팀 전략/리스크팀 퀀트(겨울방학 인턴),마이퍼스트에셋자산운용,대한민국,공자의 경우 관련 과목 12학점 이상 이수 - Microsoft 엑셀 능숙자 선택 사항 (평가 가산점) - Python 또는 VBA 등 코딩 Skill 보유 - 관련 업종에서 2개월 이상 인턴쉽 또는 근무 경력 보유 - 관련...
f6d738766875bdb1,JUNIOR VIDEO ENGINEER,"ODK Media, Inc.",서울,"skill level with Python, Django, and REST... Stack Python / Django PostgreSQL AWS Batch, AWS S3 Kubernetes 우대사항 Python, Django..."
e11919aa1a40d234,Software Intern,Maxim Integrated,서울,"good communication skills Good Programming Skills in C#, C, Python Understanding of attached peripherals (I2C, SPI) Basic..."
0e25160b5a1d095f,[유통 대기업] Business Analyst(비지니스분석가) 과차장급,에이치알니즈,서울,"이터 컨설팅 또는 비즈니스 컨설팅 경력 5년 이상 보유 -SQL, R, Python 중 1개 이상의 분석 도구 활용 경험 보유 -비지니스에 대한 문제... 게임>빅데이터·AI(인공지능)> Python|인터넷·IT·통신·모바일·게임..."
229eb9cfd32480ed,A.I.개발자,파이프트리스마트팜,서울 송파구,"서비스 모델 IOT 플랫폼에 적용✔️ 필요 역량입니다.- 관련 경력 3 ~ 10년 이하 이신 분- python 언어를 통한 분석 가능하신 분- 리눅스 기반 개발 가능하신 분- 다양한 직군과의 커뮤니케이션, 다양한 상황에 대한..."
c35e9b72a11aa338,[신입/경력] 의료영상/음성인식/생체신호 연구원,뷰노코리아,서울 서초구,게임>빅데이터·AI(인공지능)>인공지능(AI)|인터넷·IT·통신·모바일·게임>빅데이터·AI(인공지능)>딥러닝|인터넷·IT·통신·모바일·게임>응용프로그래머>C·C++|인터넷·IT·통신·모바일·게임>응용프로그래머> Python
8af26b37623864c4,8퍼센트 개발자 (신입/경력),8퍼센트,서울 종로구,개발 금융 데이터 분석과 분석 플랫폼 운영 자격요건 컴퓨터 전공자 또는 웹 개발 경력 1년 이상 우대사항 Python 코드를 무리 없이 읽으실 수 있는 분 Linux/Mac 사용 가능한 분 새로운 기술에 대한 호기심을 가지신...
65d27252d5d4fa22,[NHN SOFT] Front-End 경력 개발자,엔에이치엔소프트,성남 분당구,통신·모바일·게임>웹프로그래머> Python|인터넷·IT·통신·모바일·게임... 로그래머>증강현실(AR)|인터넷·IT·통신·모바일·게임>응용프로그래머> Python|인터넷·IT·통신·모바일·게임>응용프로그래머>머신러닝(ML)|인터넷...
cc7b52117054782e,웹보드(고스톱/포커)게임FDS 데이터 분석 전문가 (신입),네오위즈,대한민국,"색과 인사이트 도출이 가능한 분 - 합리적인 커뮤니케이션을 통해 원활한 협업이 가능한 분 우대사항 - python, sql 등을 통한 데이터 분석 경험이 있는 분 - 데이터 분석을 전공하신 분 모집기간 채용시 마감..."
46253fd5b203d931,"[로봇개발본부(판교근무)] 각 분야별 (백엔드, WEB APP 개발, APP 개발)",트위니,성남 분당구,게임>웹프로그래머>웹개발|인터넷·IT·통신·모바일·게임>웹프로그래머> Python|인터넷·IT·통신·모바일·게임>웹프로그래머>JAVA|인터넷·IT·통신... 통신·모바일·게임>응용프로그래머> Python|인터넷·IT·통신·모바일·게임...
53c9741b09518b4f,Metaverse 서비스 Graphics 개발자,에스케이텔레콤,서울 중구,"경험그래픽스 프로젝트 및 게임 개발 경험자 프로그램 언어(C#, python 등)와 OpenGL, Vulkan 등 API를 이용한 개발 경험 인터넷... 용프로그래머>C#|인터넷·IT·통신·모바일·게임>응용프로그래머> Python"
26fc3f142982bbed,스마트폰 어플리케이션(App) 경력 정규직,엠마헬스케어,성남 분당구,"iOS에서 충분한 개발 경험 • Java, javascript 또는 Python 언어로 APP 개발 경험 보유 • RESTful API 연동 경험자... javascript 또는 Python 언어로 APP 개발 경험 보유..."
33b9259fb2f35050,UX Researcher - NPE Korea,Facebook App,서울,"early stage, zero to one products Experience using SQL/Hive, Python... R Experience with applied statistics Willingness..."
114ce6ec44362f44,[TmaxEdu/R&D] 연구 개발자,티맥스소프트,성남 분당구,"CSS, JavaScript, TypeScript [Server 개발(사용 언어)] - Java, Python, SQL [Framework(사용 언어)] - React.js, Spring [입사 지원 시 참고 사항..."
00b0f4d1f5f56d14,모바일 운영서비스 빌드/배포/테스트 자동화 개발자,브롤브,서울 마포구,"와 같은 컨테이너 기반 기술 이해 및 경험- 리눅스 환경에 대한 경험- 기본 스크립트 언어 경험 : Python / Bash / Perl 등- 지속적 통합 (Jenkins, Fastlane) 이해 및 경험- 소스형상관리..."
fb1465a52c7d01c8,AI SW 개발 경력사원 채용,한화그룹,서울,"및 개선 할 수 있는 역량 보유자 프로그래밍에 대한 실무역량 보유자(TensorFlow,PyTorch, Python,C++등) [우대요건] Vision 또는 NLP 기술을 활용하여 프로젝트 및 솔루션 개발 경험자 0명..."
72444e8aa4a2dfd3,Korean & English Tutor - Python+Scratch,Kodland,대한민국,"you’re an expert Python programmer... least one... languages: Python, Scratch *You have studied coding..."
fb4d29cc4e9ea24a,Data Scientist,뱅크샐러드,서울 영등포구,"기반 예측, 모델링 프로젝트 경험자 데이터 분석/모델링을 위한 언어 및 프레임워크 사용에 익숙하신 분 ( Python, R, SQL, Pandas, TensorFlow, Pytorch, Spark 등) 회사 내부 구성원들과..."
9e154b5b00d09b31,Software Engineer - Python and K8s,Canonical - Jobs,서울,"we are building a new community around Python opscode for open source applications... who enjoy Python, have a passion..."
9205c6ddd797cac4,Planning and Scheduling Optimization Development Engineer,어플라이드 머티리얼즈 코리아,성남 분당구,teams.New PhDs are encouraged to apply. 인터넷·IT·통신·모바일·게임>웹프로그래머> Python|생산·정비·기능·노무>생산관리>공장장|인터넷·IT·통신·모바일·게임>소프트웨어·하드웨어>소프트웨어
b6f149c5d6b60323,"Analyst - Environmental, Social and Governance (12 months co...",McKinsey & Company,서울,"ESG) Experience and training in data analytics tools like Python, Alteryx, Tableau, Excel or other analytical platforms..."
4a0a7b36dbc554f9,Quantitative Research Intern,WorldQuant,서울,languages (C++ and Python preferred) Able... 예정자 우수한 학업 성적 프로그래밍 언어에 익숙한 분 (C++ 및 Python 선호) 영어로 의사소통이 가능하신 분 글로벌 금융 시장에 대해 배우려는...
c46b8f31577254d3,"Python,R,DataAnalysis,머신러닝,빅데이터 인턴 신입/경력",파인트리파트너스 주식회사 관심기업,서울 도화동,"근무조건 정규직 급여 4000~5000만원 주 5일 | 오전 9시~오후 6시 서울 마포구 지하철 서울5호선 공덕역 지원자격 신입, 경력 무관, 경력무관 대학교(4년) 기업정보 2017년 설립(업력 6년) 사원 46명..."
3569cddb459c3fb8,"Partner Technology Manager, YouTube (English, Korean)",YouTube,서울,"Experience using one or more... following: Java, Python, PHP, XML, HTTP, HTML... JavaScript Experience with data..."
f1d5989245c8a320,Korea - Member Growth Insights Manager,Nike,서울,"preferably competent with statistical packages... R, Python, SPSS, SAS, etc., as well as experience with statistical..."
72444e8aa4a2dfd3,Korean & English Tutor - Python+Scratch,Kodland,대한민국,"you’re an expert Python programmer... least one... languages: Python, Scratch *You have studied coding..."
246df17cfbfbf3b9,Cloud Engineer,IBM,서울,"developing in one or more programming languages, e.g. Python, Java, JavaScript/Vue.js, etc. * Experienced in Cloud platform..."
9227b845fefe3105,이코딩아카데미 코딩교육 강사(시간제),이코딩아카데미영재교육학원,성남 수정구,"졸업성별 : 성별무관나이 : 연령무관초중고 코딩교육 ㆍ엔트리,스크래치,앱인벤터 등 EPLㆍ아두이노, C, Python< C / 파이썬 필수 가능자 >- 수업 컨텐츠 자료는 모두 제공 교육·교사·강사·교직원>IT·문화·직업강..."
7585ef1908280606,데이터표준화 부문 경력,현대오토에버,서울 강남구,"관리 2. 자격 요건 1) 필수 · Hadoop 데이터 플랫폼 사용 경험 · SQL, Spark(Scala, Python)등 데이터 처리 언어 1종 이상 숙련 · 대규모 트래픽 서비스, 대용량 배치처리 시스템의 Backend..."
4cc952ac5075ef29,2022년 상반기 GS EPS 신입/경력 수시,GS EPS,서울,재료>제어|인터넷·IT·통신·모바일·게임>웹프로그래머>웹개발|인터넷·IT·통신·모바일·게임>웹프로그래머> Python|인터넷·IT·통신·모바일·게임>응용프로그래머>머신러닝(ML)|인터넷·IT·통신·모바일·게임>응용프로그래머...
27429905ec7f18d1,2022년 상반기 각부분 신입/경력,나이스디앤알,서울 서대문구,"정규대학 이상 학력 전공 무관 데이터 기획/분석/모형구축 관련 경험자 빅데이터 분석 툴 활용/분석능력 보유( Python, R, Matlab, Tableau, SAS 등) [우대요건] 석사학위 이상 또는 대학원 재학생 빅데이터..."
8d7887d0568db3e5,"'22년 현대중공업그룹 연구직(경력,신입) (수시 1차)",현대중공업그룹,성남 분당구,"가능자(Matlab, C#, Python 등) 우대 근무지 분당 모집인원... 공자 우대 - 시뮬레이션/생산계획 시스템 개발 경험자 우대 - C#, Python 프로그래밍 가능자 우대 - 실무경력 3년 이상 (경력) 근무지 분당..."
6d389529bece608b,자동차 전장 Security 분야 전문가,LG전자,서울 강서구,식에 대한 이해 - Linux 사용 경험 보유 (1년 이상) - Shell Scripting 제작 또는 Python Programming 경험 2. 우대사항 - SDL (Security Development Lifecycle...
1015284880e2ff62,라인프렌즈 2022년 각 부문 수시,라인프렌즈,서울 용산구,통신·모바일·게임>웹프로그래머> Python|인터넷·IT·통신·모바일·게임... 자바스크립트|인터넷·IT·통신·모바일·게임>빅데이터·AI(인공지능)> Python|마케팅·광고·홍보·조사>마케팅>마케팅기획|마케팅·광고·홍보·조사>마케...
6dd48f3771d01215,"Student Researcher Intern, 2022",Google,서울,"programming languages, including: C/C++, Java, MATLAB, Go, Python, or similar. Ability to speak and write in English fluently..."
358f413532f53323,[국비무료]2022년도 상반기 교육 훈련생,동대문여성인력개발센터,서울 동대문구,통신·모바일·게임>빅데이터·AI(인공지능)>데이터분석|인터넷·IT·통신·모바일·게임>빅데이터·AI(인공지능)> Python|인터넷·IT·통신·모바일·게임>빅데이터·AI(인공지능)>머신러닝|인터넷·IT·통신·모바일·게임>빅데이터...
825b019ff2840218,취업포털본부 디자인팀 경력직,인크루트,서울 중구,로그래머>백엔드|인터넷·IT·통신·모바일·게임>웹프로그래머>프론트엔드|인터넷·IT·통신·모바일·게임>웹프로그래머> Python|인터넷·IT·통신·모바일·게임>웹프로그래머>ASP.NET|인터넷·IT·통신·모바일·게임>웹프로그래머...
84329a66291839cd,각 부문별,컬리,서울 강남구,통신·모바일·게임>응용프로그래머> Python|인터넷·IT·통신·모바일·게임... W 엔지니어|인터넷·IT·통신·모바일·게임>빅데이터·AI(인공지능)> Python|유통·물류·운송·운전>유통·상품기획·MD>상품MD|유통·물류·운송...
abdc136f65ceddd4,AI 분야,LG유플러스,서울,"무를 경험하면서 조직과 함께 성장하고 싶으신 마인드를 보유하신 분 - Python 및 PyTorch, Tensorflow 등과 같은 딥러닝 프레임워크... 경력자 가능 - C/C++, Python, 딥러닝 프레임워크(PyTorch..."
d5135980c5cda18d,시스템 운영(SE),위메이드엔터테인먼트,성남 분당구,"등 클라우드 시스템 구축 및 운영 경험자 우대사항■ 쉘 스크립트 언어 (Bash, PowerShell, Python 등) 사용 가능자■ Jenkins, Terraform 등 CI툴 구축/운영 경험■ 게임 서비스 운영 경험자..."
6d86e9f32d31c84f,Data 분야 경력,LG CNS,서울,"해가 뛰어난 자 - R, Python, SAS, SQL 등 활용 역량 우대사항(해당 내용 중 1개 이상) - ML/DL 경험 인력 우대 - 관련 분야 석사 이상 학위 소지자 우대 - R, Python등 데이터분석 모델링 경험..."
77b3e91b54377a1f,2022년 한국필립모리스(주) 각 부문,한국필립모리스㈜,서울 영등포구,통신·모바일·게임>웹프로그래머> Python|인터넷·IT·통신·모바일·게임... 용프로그래머>자바스크립트|인터넷·IT·통신·모바일·게임>응용프로그래머> Python|인터넷·IT·통신·모바일·게임>시스템프로그래머>펌웨어·어셈블러|인터...
7aa9c0db8d7febd2,빅데이터 플랫폼 데이터 엔지니어,LG이노텍,서울 마곡역,"험자 - S/W 관련 자격증 보유자 - AWS (Redshift, S3 등) 기반 시스템 구축 경험자 - Python, SAS 스킬 보유자 - DB영역 기술 전문성 보유자 - IT 전반에 대한 이해도와 경험 보유자 필수 지원..."
747393ca945eeba5,[KREAM] Server 개발자,크림,성남 분당구,적극적인 커뮤니케이션을 지향합니다. 인터넷·IT·통신·모바일·게임>웹프로그래머> Python|인터넷·IT·통신·모바일·게임>응용프로그래머> Python|인터넷·IT·통신·모바일·게임>응용프로그래머>API|인터넷·IT·통신·모바일...
666b37a4c473b4a0,2022년 상반기 제주은행 신입행원/경력직,제주은행,제주도,통신·모바일·게임>빅데이터·AI(인공지능)>머신러닝|인터넷·IT·통신·모바일·게임>빅데이터·AI(인공지능)> Python|인터넷·IT·통신·모바일·게임>빅데이터·AI(인공지능)>딥러닝|인터넷·IT·통신·모바일·게임>빅데이터...
1e7abd65387c99cc,2022년 이공계열 전공자 대상 취업탐색 멘토 팀,한국여성과학기술인육성재단,서울 강남구,통신·모바일·게임>웹프로그래머> Python|인터넷·IT·통신·모바일·게임... 로그래머>인공지능(AI)|인터넷·IT·통신·모바일·게임>응용프로그래머> Python|인터넷·IT·통신·모바일·게임>응용프로그래머>증강현실(AR)|인터넷...
b515669e8032265b,[kt ds] 2022년 각 부문별 경력사원 수시,케이티디에스,서울 서초구,JAVA|인터넷·IT·통신·모바일·게임>응용프로그래머>C·C++|인터넷·IT·통신·모바일·게임>응용프로그래머> Python|인터넷·IT·통신·모바일·게임>응용프로그래머>자바스크립트|인터넷·IT·통신·모바일·게임>응용프로그래머...
0fb39c5ea4cf5f7e,"상반기 각 부문 신입/경력 직원 (IT, 경영관리, 영업, 공무, CS관리)",한국전자금융,서울,통신·모바일·게임>웹프로그래머> Python|인터넷·IT·통신·모바일·게임... 인공지능)> Python|인터넷·IT·통신·모바일·게임>응용프로그래머>인공지능(AI)|인터넷·IT·통신·모바일·게임>응용프로그래머> Python|인터넷...
4e38193c08dd3fda,Data Engineer,BOEING,서울,"Coding experience in more than one software language (ex: Python, R, Pandas, Javascript, Vue.js, React, Angular, and so..."
67c19d7ac0857ecd,빅데이터 분야,LG유플러스,서울,"데이터 분석 모형 개발 ① R, Python, SQL 등 데이터 분석 도구... 분석 관련 자격 보유(빅데이터분석기사, ADsP, ADP 등) - R/ Python/SQL 등을 사용하여 데이터를 핸들링하고 대규모 데이터 셋에서 분석..."
59fd1cd02b4f8499,2022년 상반기 신.경력직,솔루게이트,서울 금천구,"(주)솔루게이트 JAVA, Python 외 신입/경력 정규직, 인턴 채용... 응용프로그래머>JAVA|인터넷·IT·통신·모바일·게임>응용프로그래머> Python|인터넷·IT·통신·모바일·게임>웹프로그래머>웹개발|인터넷·IT·통신..."
83f9cd0231b1d969,Eco Lab센터 경력직,SK에코플랜트,서울 종로구,데이터분석|금융·보험·증권>투자·분석·증권·외환>투자자문·애널리스트|마케팅·광고·홍보·조사>마케팅>브랜드마케팅|인터넷·IT·통신·모바일·게임>응용프로그래머> Python|인터넷·IT·통신·모바일·게임>응용프로그래머>C·C++
51df90967b46e8f0,[외국계 스타트업 미소] Business Analyst,유한회사 미소,서울,통신·모바일·게임>빅데이터·AI(인공지능)>데이터분석|인터넷·IT·통신·모바일·게임>빅데이터·AI(인공지능)> Python|인터넷·IT·통신·모바일·게임>데이터베이스·DBA>MySQL|인터넷·IT·통신·모바일·게임>데이터베이스...
7d205770c41f1c8b,현대백화점 데이터기획팀 데이터 분석/기획 경력,현대백화점,서울 삼성역,"Tableau등 OLAP툴 활용 대시보드 구성 및 분석 결과 리포팅 수행 경험 - 중급 이상의 R, Python, SQL 역량 및 데이터 핸들링(추출/전처리(EDA)/요약 등) 역량 보유 - 클라우드(또는 온프..."
3f942ebf840f7acd,한국통계정보원 통계 분야 직원(경력),재단법인 한국통계정보원,대전 서구,"SAS, R, SPSS, Python 등) 경험자 [우대조건] - SAS... 처리, 통계업무 경험 보유- 통계 관련 업무(SAS, R, SPSS, Python 등) 경험자[우대조건]- 데이터 품질·표준화 과정 운영·관리 경험자..."
e7c8c2b11f24fb43,Software Engineer,Google,서울,"languages, including... limited to: C++, Java, C and Python. Excellent written and verbal communication skills. About..."
0399dadecd8188b8,4. 인프라개발팀 백엔드 개발자,카카오브이엑스 (KAKAO VX),성남 분당구,인터넷·IT·통신·모바일·게임>웹프로그래머> Python|인터넷·IT·통신·모바일·게임>ERP·시스템분석·설계>AWS|인터넷·IT·통신·모바일·게임>응용프로그래머> Python|인터넷·IT·통신·모바일·게임>응용프로그래머...
3c1c5dc51d08cf18,Web / Spring Framework 개발자,에릭슨엘지,서울 금천구,게임>웹프로그래머>JAVA|인터넷·IT·통신·모바일·게임>웹프로그래머> Python|인터넷·IT·통신·모바일·게임>웹프로그래머>ASP|인터넷·IT·통신... 통신·모바일·게임>응용프로그래머> Python|인터넷·IT·통신·모바일·게임...
e29bd57c416ee579,인재 Pool 등록,S&I Corp.,대한민국,"5년 이상 (IT기획, 프로젝트 PM/PL, 개발경력 등) - 자격 : 컴퓨터 언어 활용능력 보유 (JAVA, PYTHON) : 데이터베이스(RDBMS) 활용능력 보유 - 우대사항 : IT 예산(HW,SW,인건비) 수립 경험..."
5ea9ea023c6ccc03,"S/W 엔지니어, 데이터분석 신입/경력 정규직, 인턴",가치랩스,성남 분당구,"케이션 제작 및 유지보수 업무- Python, Golang, QT 중 선택... 2. 시스템프로그래머- Python, Golang, QT 중 선택 가능3. 영상데이터 분석 및 모델링- python기반 영상데이터 분석 및 모델링..."
aac8e9355cb855ac,[인재풀] 아티스트 ART,Electronic Arts,서울,Maya or 3D Max등의 아트웍 툴 사용 경험 Max script 또는 Mel Script의 사용 경험 C# 또는 Python 언어에 대한 이해 및 활용 능력 아트웍 관련 툴 제작 또는 플러그인 제작 경험
e30fe92d72ceb17c,"자율 주행, 로봇 SW 개발자",에바,성남 수정구,"(주)에바 모집부문 및 자격요건 모집부문 담당업무 자격요건 인원 자율주행 SW 엔지니어 Python응용SW [담당업무]ROS 개발, 로봇 주행 알고리즘 개발, SW Optimization[근무부서 및 직급/직책]근무부서: 개발팀..."
ae82262549135b20,"Student Researcher Intern, 2022",구글코리아,서울 강남구,"programming languages, including: C/C++, Java, MATLAB, Go, Python, or similar.Ability to speak and write in English fluently..."
1feff7ae08664e44,머신러닝-딥러닝 공공데이터 분석전문가 교육생,하이미디어아카데미,서울 종로구,게임>웹프로그래머>웹개발|인터넷·IT·통신·모바일·게임>웹프로그래머> Python|인터넷·IT·통신·모바일·게임>네트워크·서버·보안>시스템·네트워크보안... 게임>빅데이터·AI(인공지능)> Python|인터넷·IT·통신·모바일·게임...
d08809180d5c7a39,스마트팩토리/MES 부문 경력,현대오토에버,서울 강남구,C#|인터넷·IT·통신·모바일·게임>응용프로그래머>JAVA|인터넷·IT·통신·모바일·게임>응용프로그래머> Python|인터넷·IT·통신·모바일·게임>통신·모바일>플랫폼(VM)|인터넷·IT·통신·모바일·게임>통신·모바일>서비스기...
f42242989b39b5e1,자동차 전장 ADAS SW 분야 전문가,LG전자,서울 강서구,multi-view geometry - 중급 이상 C/C++/ Python 개발 및 computer vision관련 tool 활용 가능... 트롤 - 중급 이상 C/C++/ Python/MATLAB 및 computer...
49f11dfd7627efa4,Data Analyst,뱅크샐러드,서울 영등포구,"가지신 분 Business Intelligence 시스템 및 비즈니스 리포팅 툴의 활용 능력 프로그래밍 언어( Python/R, etc)를 활용하여 데이터 분석이 가능하신 분 더 나은 데이터 기반 서비스를 만들기 위해 동료들과..."
3c961765bbe70391,Corporate Center / DT운영팀,에스케이쉴더스,서울 강남구,"학력 : 대졸이상-프로그래밍 개발( Python, Java) 경험 5년 이상... 응용프로그래머>JAVA|인터넷·IT·통신·모바일·게임>응용프로그래머> Python|인터넷·IT·통신·모바일·게임>ERP·시스템분석·설계>AWS|인터넷..."
c2dd55e197751439,[KSTEC] 통계/Analytics 신입 및 경력사원,지식시스템,성남 분당구,"지능화 (의사결정 자동화) 시스템 개발 (SPSS, SAS, R, Python, Java 기반)2. 기업용 데이터과학 & 인공지능 플랫폼 솔루션3... 게임>빅데이터·AI(인공지능)> Python|인터넷·IT·통신·모바일·게임..."
29da7c78da7ffd5b,2022년 레드우드케이 S/W 엔지니어,레드우드케이,서울 성동구,인터넷·IT·통신·모바일·게임>응용프로그래머>자바스크립트|인터넷·IT·통신·모바일·게임>응용프로그래머> Python|인터넷·IT·통신·모바일·게임>응용프로그래머>Linux|인터넷·IT·통신·모바일·게임>빅데이터·AI(인공지능...
899324b336ff680e,Data Engineer,뱅크샐러드,서울 영등포구,"S3, AWS Glue, Spark, Airflow 기반의 Data Lake 플랫폼 운영 자격 요건 Python 또는 JVM 기반 언어(Java, Scala) 중 하나 이상을 능숙히 사용 자료 구조, 알고리즘, 데이터베이스..."
e00d3977d633da67,[쿠키런: 오븐브레이크] 데이터 분석가 (경력),데브시스터즈,서울 강남구,통신·모바일·게임>ERP·시스템분석·설계>데이터분석|인터넷·IT·통신·모바일·게임>응용프로그래머> Python|인터넷·IT·통신·모바일·게임>웹프로그래머> Python|인터넷·IT·통신·모바일·게임>데이터베이스·DBA>SQL
defc4908df7ce048,의료 영상 인공지능(AI) 연구 경력/석사 (서울),지오비전,서울 구로구,"learning) 관련 연구개발- 지원 자격인공지능, 머신러닝 등 관련 개발경력 2년 이상 / 신입 지원 가능 Python으로 개발 가능하신 분PyTorch, TensorFlow 등 딥러닝 프레임워크를 활용한 모델링이 가능하신..."
e1f6164f1d03449a,주식회사 데이터스트림즈 기술연구소 Python/Java 개발자,데이터스트림즈,성남 분당구,데이터스트림즈 기술연구소 Python/Java 개발자 채용 모집부문 및 자격요건 담당업무 자격요건 우대사항 Python/Java 개발 직군 경력직... 통신·모바일·게임>웹프로그래머> Python|인터넷·IT·통신·모바일·게임...
a5e926e1d22cdc11,각 분야별 인재 Pool 등록,지투알,서울,"자 - 데이터 분석 툴(Adobe Analytics 또는 Google Analytics) 유경험자 우대 - Python, R, SQL 역량 보유자 우대 - 데이터에 기반한 문제해결 능력 및 통계학적 지식 보유자 우대 - 담당..."
